{"k_values": [2, 3, 4, 5, 6, 7, 8], "wcss": [389.3861889564372, 295.2122461555488, 205.22514747675913, 168.24758017556837, 133.86842085478855, 117.01155455889813, 103.87329152383712], "silhouette_scores": [0.33547192894004574, 0.357793388710272, 0.4039582785148566, 0.41664341513732767, 0.4284167762892593, 0.417231894954916, 0.4082067042807375]}